ELEMENTO,DEPARTAMENTO,DISTRITO,DIRECCION_COMERCIAL,REFERENCIA,LATITUD,LONGITUD,CARA,PANEL_CODE,TIPO,FORMATO,ANCHO,ALTO,TRANSITO,AUDIENCIA,RESOLUTION_WIDTH,RESOLUTION_HEIGHT,PHOTO_URL,OBSERVACION,DAILY_PRICE,BASE_PRICE,CURRENCY,PRICE_PERIOD,MAX_SLOTS,SLOT_DURATION_SECONDS,OPERATING_START_TIME,OPERATING_END_TIME,STATUS
AGS-006,Lima,El Agustino,Vía Evitamiento,Frente a Puente Nuevo próximo a Sodimac de San Juan de Lurigancho,-12.030369,-77.000014,A,AGS-006-A,DIGITAL,Pantalla Digital,12,6,Hacia el sur con dirección al puente Santa Anita,16599236,1280,720,https://pub-4951180469144594abaab94c53f99a18.r2.dev/JMT/AGS-006%20A.webp,,210,210,PEN,day,23,7,06:00:00,00:00:00,available
ANT-001,Lima,Santa Anita,Av. Nicolás Ayllón (Carretera Central),Frente a Centro Comercial Santa Anita puerta principal Saga Falabella.,-12.057191,-76.970954,B,ANT-001-B,DIGITAL,Pantalla Digital,12.1,6.05,Hacia el Óvalo Santa Anita.,16910554,1280,720,https://pub-4951180469144594abaab94c53f99a18.r2.dev/JMT/ANT-001%20B.webp,Presenta fallas,210,210,PEN,day,23,7,06:00:00,00:00:00,maintenance
ANT-004,Lima,Santa Anita,Av. Nicolas Ayllon (Carretera Central),Frente al Centro Comercial Mall Aventura Ripley Sagafalabella Bancos y más,-12.0568523,-76.9699033,A,ANT-004-A,DIGITAL,Pantalla Digital,8.96,3.84,Hacia Vía Evitamiento con dirección al distrito de El Agustino,13927170,1280,720,https://pub-4951180469144594abaab94c53f99a18.r2.dev/JMT/ANT-004%20A.webp,,210,210,PEN,day,23,7,06:00:00,00:00:00,available
ARQ-044,Arequipa,Lima Metropolitana,Av. Ejército,A 2 cdras. Del Real Plaza / Mall Plaza Cayma / Metro / Plaza Vea.,-16.391131,-71.543354,A,ARQ-044-A,DIGITAL,Pantalla Digital,10.8,5.4,Hacia Av. La Marina con dirección a la Plaza de armas y Monasterio Santa Catalina,4433666,1280,672,https://pub-4951180469144594abaab94c53f99a18.r2.dev/JMT/ARQ-044%20A.webp,,150,150,PEN,day,23,7,06:00:00,00:00:00,available
ARQ-046,Arequipa,Lima Metropolitana,Av. Los Incas,Frente a la puerta principal del Centro Comercial y Parque Lambramani.,-16.4108478,-71.520306,A,ARQ-046-A,DIGITAL,Pantalla Digital,8,4,Hacia Av. Jesús con dirección a Paucarpata.,2876974,1280,720,https://pub-4951180469144594abaab94c53f99a18.r2.dev/JMT/ARQ-046%20A.webp,,120,120,PEN,day,23,7,06:00:00,00:00:00,available
ARQ-051,Arequipa,Lima Metropolitana,Av. El Ejército Cuadra 7 - Yanahuara,Frente al C.C Mall Plaza Cayma y Hotel Paititi rodeado de diversos negocios locales,-16.3904345,-71.5455971,A,ARQ-051-A,DIGITAL,Pantalla Digital,9.6,4.8,Hacia Av. Cayma con dirección al C.C Real Plaza,4244803,1280,720,https://pub-4951180469144594abaab94c53f99a18.r2.dev/JMT/ARQ-051%20A.webp,,150,150,PEN,day,23,7,06:00:00,00:00:00,available
ARQ-052,Arequipa,Lima Metropolitana,Óvalo Quiñones,Óvalo Quiñones frente a Red de Bancos y rodeado de diversos negocios locales,-16.397271,-71.547233,A,ARQ-052-A,DIGITAL,Pantalla Digital,7.68,3.84,Hacia Av. La Marina con dirección a la Plaza de Armas,3869953,1280,720,https://pub-4951180469144594abaab94c53f99a18.r2.dev/JMT/ARQ-052%20A.webp,,150,150,PEN,day,23,7,06:00:00,00:00:00,available
ARQ-055,Arequipa,Lima Metropolitana,Av. Porongoche Cdra. 5,"Frente al Mall Aventura Plaza, HM y  al costado de estilos",-16.4164748,-71.5155245,A,ARQ-055-A,DIGITAL,Pantalla Digital,12.8,7.7,Hacia Av. Los Incas con dirección al Distrito de Mariano Melgar,3690896,1280,720,https://pub-4951180469144594abaab94c53f99a18.r2.dev/JMT/ARQ-055%20A.webp,,150,150,PEN,day,23,7,06:00:00,00:00:00,available
ARQ-060,Arequipa,Lima Metropolitana,Av. Jesús Cdra. 1 Berma Central,"Zona ferretera, frente al Óvalo de Mariscal Castilla",-16.4033867,-71.5164883,A,ARQ-060-A,DIGITAL,Pantalla Digital,10.24,4.8,Hacia Estadio Arequipa,5140766,1280,720,https://pub-4951180469144594abaab94c53f99a18.r2.dev/JMT/ARQ-060%20A.webp,,150,150,PEN,day,23,7,06:00:00,00:00:00,available
ATE-032,Lima,Ate,Av. Nicolás Ayllón (C.C. Real Plaza Santa Clara),Próximo a la entrada principal del Centro Comercial Real Plaza Santa Clara.,-12.0151524,-76.886891,A,ATE-032-A,DIGITAL,Pantalla Digital,7.68,3.84,Hacia Huaycán Chosica.,3430941,1280,720,https://pub-4951180469144594abaab94c53f99a18.r2.dev/JMT/ATE-032%20A.webp,,150,150,PEN,day,23,7,06:00:00,00:00:00,available
ATE-039,Lima,Ate,Av. Prolongación Javier Prado Con Av. Vista Alegre,Frente a Real Plaza Puruchuco y Tienda Tambo,-12.0433542,-76.930344,B,ATE-039-B,DIGITAL,Pantalla Digital,12,6,Hacia Av. Nicolás Ayllón con dirección a Hiper Plaza Vea Ceres,12889020,1280,720,https://pub-4951180469144594abaab94c53f99a18.r2.dev/JMT/ATE-039%20B.webp,,210,210,PEN,day,23,7,06:00:00,00:00:00,available
BCO-004,Lima,Barranco,Av. República De Panamá,A pocas cuadras del Plaza Vea del Cortijo.,-12.1370279,-77.0177362,B,BCO-004-B,DIGITAL,Pantalla Digital,12.1,6,Hacia Av. el Sol con dirección al óvalo balta.,7119510,1280,720,https://pub-4951180469144594abaab94c53f99a18.r2.dev/JMT/BCO-004%20B.webp,,180,180,PEN,day,23,7,06:00:00,00:00:00,available
CAL-001,Callao,Callao,Av. Faucett Entrada Al Aeropuerto,Frente al Aeropuerto frente al grifo Petroperú.,-12.021505,-77.105527,A,CAL-001-A,DIGITAL,Pantalla Digital,12.1,6.05,Dirección a la Av. Canta Callao.,7349644,1280,720,https://pub-4951180469144594abaab94c53f99a18.r2.dev/JMT/CAL-001%20A.webp,,180,180,PEN,day,23,7,06:00:00,00:00:00,available
CAL-014,Callao,Callao,Av. Argentina - Frente A Minka,Frente a Centro Comercial Minka.,-12.0495116,-77.1111113,A,CAL-014-A,DIGITAL,Pantalla Digital,8,4,Hacia el Óvalo centenario.,3983597,1280,720,https://pub-4951180469144594abaab94c53f99a18.r2.dev/JMT/CAL-014%20A.webp,,150,150,PEN,day,23,7,06:00:00,00:00:00,available
CAL-018,Callao,Callao,Av. Faucett,Frente a Rodizio y Rokys.,-12.0559932,-77.0975809,A,CAL-018-A,DIGITAL,Pantalla Digital,7.68,3.84,Av. Venezuela hacia Av. Óscar Benavides (Ex Colonial) dirección hacia el Aeropuerto.,5559866,1280,720,https://pub-4951180469144594abaab94c53f99a18.r2.dev/JMT/CAL-018%20A.webp,,150,150,PEN,day,23,7,06:00:00,00:00:00,available
CAL-029,Callao,Callao,Av. Elmer Faucett Con Av. Morales Duárez,Frente a Estadio Politécnico Nacional del Callao,-12.0416265,-77.0991684,A,CAL-029-A,DIGITAL,Pantalla Digital,11.52,5.76,Hacia Av. La Marina - San Miguel,12797284,1280,720,https://pub-4951180469144594abaab94c53f99a18.r2.dev/JMT/CAL-029%20A.webp,,210,210,PEN,day,23,7,06:00:00,00:00:00,available
CHI-004,Chiclayo,Lima Metropolitana,Av. Bolognesi Cdra. 11 Con Grau,Frente al Real Plaza Chiclayo.,-6.776285,-79.832372,A,CHI-004-A,DIGITAL,Pantalla Digital,10.35,6,Del Cercado de Chiclayo y Aeropuerto.,3860494,1280,720,https://pub-4951180469144594abaab94c53f99a18.r2.dev/JMT/CHI-004%20A.webp,,150,150,PEN,day,23,7,06:00:00,00:00:00,available
CHI-031,Chiclayo,Lima Metropolitana,Av. Josemaría Escriva Balaguer cruce con Panamericana Norte,Frente al Mall Aventura Chiclayo y Hospital Regional de Lambayeque,-6.7624722,-79.8601546,B,CHI-031-B,DIGITAL,Pantalla Digital,11.52,5.76,"Hacia la Carretera Panamericana Norte, Motormundo Chiclayo, concesionario de Camiones, Óvalo Av. Chiclayo Noroeste",1300791,1280,720,https://pub-4951180469144594abaab94c53f99a18.r2.dev/JMT/CHI-031%20B.webp,,120,120,PEN,day,23,7,06:00:00,00:00:00,available
CHO-006,Lima,Chorrillos,Av. Prolongación Matellini Con Av. Defensores Del Morro,Esquina Grifo Petroperu e Inversiones La Cruz,-12.1813719,-77.012228,A,CHO-006-A,DIGITAL,Pantalla Digital,12,6,Con dirección al Circuito de Playas,4880340,1280,720,https://pub-4951180469144594abaab94c53f99a18.r2.dev/JMT/CHO-006%20A.webp,,150,150,PEN,day,23,7,06:00:00,00:00:00,available
CHO-007,Lima,Chorrillos,Av. Paseo De La República Cdra. 09,Frente a Centro Comercial Plaza Lima Sur y Metropolitano,-12.1739511,-77.0146979,A,CHO-007-A,DIGITAL,Pantalla Digital,12.82,5.8,Con dirección a la Av. Ariosto Matellini,6415406,1280,720,https://pub-4951180469144594abaab94c53f99a18.r2.dev/JMT/CHO-007%20A.webp,,180,180,PEN,day,23,7,06:00:00,00:00:00,available
CHO-009,Lima,Chorrillos,Av. Prolongación Huaylas Cruce Con Calle Santa Teresa,Cercano a grifos agencias bancarias y restaurantes . En dirección a Plaza Vea Banco de Crédito,-12.18387,-77.008808,B,CHO-009-B,DIGITAL,Pantalla Digital,10.24,4.8,Hacia el sur intersección de Av. Paseo la República Av. Guardia Civil y Av. Defensores del Morro,6857679,1280,720,https://pub-4951180469144594abaab94c53f99a18.r2.dev/JMT/CHO-009%20B.webp,,180,180,PEN,day,23,7,06:00:00,00:00:00,available
COM-018,Lima,Comas,Av. Túpac Amaru Con Jr. Aravicus Cdra. 1,Alt de Estación Izaguirre rumbo a la estación Naranjal y Comas. Próximo a Hiraoka Royal Plaza y Megaplaza,-11.9877055,-77.0571644,B,COM-018-B,DIGITAL,Pantalla Digital,9.6,4.8,Hacia el norte con dirección a Comas,17953603,1280,720,https://pub-4951180469144594abaab94c53f99a18.r2.dev/JMT/COM-018%20B.webp,,210,210,PEN,day,23,7,06:00:00,00:00:00,available
CUS-019,Cusco,Lima Metropolitana,Av. La Cultura Cdra. 13 Esquina Con Pasaje Del Solar,Frente a Interbank y Supermercado Orión.,-13.524046,-71.957916,B,CUS-019-B,DIGITAL,Pantalla Digital,10.24,4.8,Hacia Prolongación La Cultura con dirección a Pikillacta y Tipón,6522193,1280,720,https://pub-4951180469144594abaab94c53f99a18.r2.dev/JMT/CUS-019%20B.webp,,180,180,PEN,day,23,7,06:00:00,00:00:00,available
CUS-021,Cusco,Lima Metropolitana,Av. Alameda Pachacutec,Frente a Parque Urpicha,-13.5308649,-71.9692596,A,CUS-021-A,DIGITAL,Pantalla Digital,10.4,5.4,Hacia el Óvalo Pachacutec con dirección al Aeropuerto,4424409,1280,720,https://pub-4951180469144594abaab94c53f99a18.r2.dev/JMT/CUS-021%20A.webp,,150,150,PEN,day,23,7,06:00:00,00:00:00,available
ICA-009,Ica,Lima Metropolitana,Av. Municipalidad cruce con J. J. Elías.,"Ubicado cerca al terminal terrerstre de Ica, a una cdra. De Plaza de Armas.",-14.0643145,-75.7323003,A,ICA-009-A,DIGITAL,Pantalla Digital,10.24,4.8,Camino a Plaza Sol de Ica,0,1280,720,,,120,120,PEN,day,23,7,06:00:00,00:00:00,available
IND-006,Lima,Independencia,Av. Tomas Valle Con Av. Alfredo Mendiola,Frente al Centro Comercial “Plaza Norte”.,-12.0081309,-77.060927,A,IND-006-A,DIGITAL,Pantalla Digital,7.68,3.84,Hacia Av. Tupac Amaru. Frente a plaza norte.,14578787,1280,720,https://pub-4951180469144594abaab94c53f99a18.r2.dev/JMT/IND-006%20A.webp,,210,210,PEN,day,23,7,06:00:00,00:00:00,available
IND-022,Lima,Independencia,Av. Gerardo Unger Cdra. 71 Con Calle Villa Hermosa,A 150 metros antes del Centro Comercial Plaza Norte,-12.000744,-77.055133,A,IND-022-A,DIGITAL,Pantalla Digital,12,6,Hacia Rímac Óvalo Habich,16844631,1280,720,https://pub-4951180469144594abaab94c53f99a18.r2.dev/JMT/IND-022%20A.webp,,210,210,PEN,day,23,7,06:00:00,00:00:00,available
JM-002,Lima,Jesus Maria,Av. 28 De Julio Con Av. Felipe Salaverry,Frente al Óvalo Jorge Chávez.,-12.064563,-77.038575,A,JM-002-A,DIGITAL,Pantalla Digital,8.96,4.8,Hacia Av. Cuba con dirección al Ministerio de Salud y Av. Javier Prado Oeste.,15215070,1280,720,https://pub-4951180469144594abaab94c53f99a18.r2.dev/JMT/JM-002%20A.webp,,210,210,PEN,day,23,7,06:00:00,00:00:00,available
JM-007,Lima,Jesus Maria,Av. Salaverry Con Guillermo Prescot,Frente a la Universidad del Pacífico y el grifo Primax; cerca de Real Plaza Salaverry y la UPC,-12.0852305,-77.0490409,A,JM-007-A,DIGITAL,Pantalla Digital,8,4,Hacia la Av. Javier Prado,4220713,1280,720,https://pub-4951180469144594abaab94c53f99a18.r2.dev/JMT/JM-007%20A.webp,,150,150,PEN,day,23,7,06:00:00,00:00:00,available
JM-009,Lima,Jesus Maria,Av. Faustino Sánchez Carrión (Pershing),Cerca al Metro de Pershing a pocas cuadras del Centro Comercial Real Plaza de Salaverry.,-12.0910951,-77.0558739,A,JM-009-A,DIGITAL,Pantalla Digital,12,6,Hacia Av. Brasil con dirección al Hospital Militar.,8168563,1280,720,https://pub-4951180469144594abaab94c53f99a18.r2.dev/JMT/JM-009%20A.webp,,180,180,PEN,day,23,7,06:00:00,00:00:00,available
LAV-007,Lima,La Victoria,Av. Paseo De La Republica Con Av Canada,Al lado de Mitsui Automotriz.,-12.082522,-77.026064,A,LAV-007-A,DIGITAL,Pantalla Digital,12.4,6.2,Dirección a Av. México Centro de Lima y Estadio Nacional.,12714531,1280,720,https://pub-4951180469144594abaab94c53f99a18.r2.dev/JMT/LAV-007%20A.webp,,210,210,PEN,day,23,7,06:00:00,00:00:00,available
LAV-008,Lima,La Victoria,Av. Canadá Con Av. Nicolás Arriola Cdra. 18,Frente a Metro de Canadá.,-12.0832249,-77.0141176,A,LAV-008-A,DIGITAL,Pantalla Digital,7.68,3.84,De Av. Aviación hacia la Vía Expresa – Paseo de la República.,6452053,1280,720,https://pub-4951180469144594abaab94c53f99a18.r2.dev/JMT/LAV-008%20A.webp,,180,180,PEN,day,23,7,06:00:00,00:00:00,available
LAV-016,Lima,La Victoria,Av. México Con Jr. Gamarra,Ingreso al centro comercial Gama Plaza. Tienda ancla: Metro Cine Mark Smart Fit,-12.0724262,-77.0127946,A,LAV-016-A,DIGITAL,Pantalla Digital,8,4,Hacia Av. Parinacocha con dirección a la Vía Expresa.,3598551,1280,720,https://pub-4951180469144594abaab94c53f99a18.r2.dev/JMT/LAV-016%20A.webp,,150,150,PEN,day,23,7,06:00:00,00:00:00,available
LCE-003,Lima,Lince,Av. Arequipa Cdra. 18 cruce con Jr. Manuel Candamo,Esquina de Clínica San Clemente cerca a Centro Comercial Arenales.,-12.0825099,-77.0347178,A,LCE-003-A,DIGITAL,Pantalla Digital,10,4,Hacia Circuito Mágico del Agua y Cercado de Lima.,0,1280,720,,"Elemento por instalar, en trámite de medidor, Sera Elemento tradicional",120,120,PEN,day,23,7,06:00:00,00:00:00,maintenance
LCE-004,Lima,Lince,Av. Arequipa cruce con Jr. Risso,"Costado del Centro Comercial Risso y Restaurante La Leña, en la esquina se encuentra Scotiabank",-12.0855833,-77.0340556,A,LCE-004-A,DIGITAL,Pantalla Digital,10.8,4.8,Hacia Circuito Mágico del Agua y Cercado de Lima.,0,1280,720,,"Elemento por instalar, en trámite de medidor",120,120,PEN,day,23,7,06:00:00,00:00:00,maintenance
LMNA-001,Lima,La Molina,Av. Raúl Ferrero 1496,Próximo a Molina Plaza.,-12.0917747,-76.9536889,B,LMNA-001-B,DIGITAL,Pantalla Digital,12,6,Hacia Av. Los Fresnos con dirección a Av. La Molina.,5275689,1280,720,https://pub-4951180469144594abaab94c53f99a18.r2.dev/JMT/LMNA-001%20B.webp,,150,150,PEN,day,23,7,06:00:00,00:00:00,available
LMNA-005,Lima,La Molina,AV. Raul Ferrero CDRA 12,Frente a La Molina Plaza Wong Grifo Repsol y Plaza Vea.,-12.0907889,-76.9510412,A,LMNA-005-A,DIGITAL,Pantalla Digital,10.24,4.8,Hacia Av. Los Fresnos.,5124201,1280,720,https://pub-4951180469144594abaab94c53f99a18.r2.dev/JMT/LMNA-005%20A.webp,,150,150,PEN,day,23,7,06:00:00,00:00:00,available
LMNA-019,Lima,La Molina,Av. Javier Prado Este Con Av. Los Frutales,Frente a Centro Comercial La Fontana.,-12.0755517,-76.9638061,B,LMNA-019-B,DIGITAL,Pantalla Digital,12,6,Hacia Av. La Molina con dirección al Estadio Monumental de Universitario de Deportes,7241803,1280,720,https://pub-4951180469144594abaab94c53f99a18.r2.dev/JMT/LMNA-019%20B.webp,Pantalla exclusica para LEXUS TOYOTA,180,180,PEN,day,23,7,06:00:00,00:00:00,available
LMNA-020,Lima,La Molina,Óvalo Monitor Con Av. Las Palmeras,Frente a Óvalo Monitor,-12.082836,-76.9701614,A,LMNA-020-A,DIGITAL,Pantalla Digital,12,6,Vía de unión entre Av. Javier Prado Este Av. Las Palmeras y Club Golf los Incas,10918543,1280,720,https://pub-4951180469144594abaab94c53f99a18.r2.dev/JMT/LMNA-020%20A.webp,Se visualiza entrando al óvalo y comercial indica que se visualiza también desde el puente ,210,210,PEN,day,23,7,06:00:00,00:00:00,available
LMNA-024,Lima,La Molina,Dirección comercial: Av. Ricardo Elías Aparicio cruce con Av. La Molina.,Frente a Molicentro y Escuela de Equitación.,-12.0818193,-76.928283,U,LMNA-024-U,DIGITAL,Pantalla Digital,11.52,5.76,Hacia Country Club La Planicie de La Molina.,0,1280,720,https://pub-4951180469144594abaab94c53f99a18.r2.dev/JMT/LMNA-024%20U.webp,En trámite de medidor,120,120,PEN,day,23,7,06:00:00,00:00:00,maintenance
MIR-004,Lima,Miraflores,Av. Paseo de la República Cdra. 39,"Centro dermatológico Axalud, cruce con la Av. José María Eguren,",-12.104817,-77.027795,A,MIR-004-A,DIGITAL,Pantalla Digital,12,6,"Hacia Av. Domingo Orué, distrito de Surquillo, Av. Angamos Este, Siete Sopas Surquillo y distrito de Barranco.",12950876,1280,720,https://pub-4951180469144594abaab94c53f99a18.r2.dev/JMT/MIR-004%20A.webp,,210,210,PEN,day,23,7,06:00:00,00:00:00,available
MIR-004,Lima,Miraflores,Av. Paseo de la República Cdra. 39,"Centro dermatológico Axalud, cruce con la Av. José María Eguren,",-12.104817,-77.027795,B,MIR-004-B,DIGITAL,Pantalla Digital,12,6,"Hacia la Av. Aramburú, Carnaval y Moreyra, Av. Javier Prado, Estadio Nacional, Circuito Mágico del Agua y distrito de la Victoria.",12125739,1280,720,https://pub-4951180469144594abaab94c53f99a18.r2.dev/JMT/MIR-004%20B.webp,,210,210,PEN,day,23,7,06:00:00,00:00:00,available
MIR-005,Lima,Miraflores,Av. Paseo de la República Cdra. 40,"Cruce con Av. Sevilla, cerca de Centro dermatológico Axalud.",-12.106232,-77.027641,A,MIR-005-A,DIGITAL,Pantalla Digital,11.6,5.8,"Hacia la Av. Domingo Orué, distrito de Surquillo, Av. Angamos Este, Siete Sopas Surquillo y distrito de Barranco.",6657990,1280,720,https://pub-4951180469144594abaab94c53f99a18.r2.dev/JMT/MIR-005%20A.webp,,180,180,PEN,day,23,7,06:00:00,00:00:00,available
MIR-005,Lima,Miraflores,Av. Paseo de la República Cdra. 40,"Cruce con Av. Sevilla, cerca de Centro dermatológico Axalud.",-12.106232,-77.027641,B,MIR-005-B,DIGITAL,Pantalla Digital,11.52,5.76,"Hacia la Av. Aramburú, Carnaval y Moreyra, Av. Javier Prado, Estadio Nacional, Circuito Mágico del Agua y distrito de la Victoria.",6620147,1280,720,https://pub-4951180469144594abaab94c53f99a18.r2.dev/JMT/MIR-005%20B.webp,,180,180,PEN,day,23,7,06:00:00,00:00:00,available
MRN-004,Lima,San Miguel,Av. La Marina Cdra. 20.,Frente a Plaza San Miguel.,-12.077725,-77.082797,A,MRN-004-A,DIGITAL,Pantalla Digital,12,6,Hacia la Av. Universitaria con dirección a la Av. Brasil.,10420907,1280,720,https://pub-4951180469144594abaab94c53f99a18.r2.dev/JMT/MRN-004%20A.webp,,210,210,PEN,day,23,7,06:00:00,00:00:00,available
MRN-004,Lima,San Miguel,Av. La Marina Cdra. 20.,Frente a Plaza San Miguel.,-12.0782553,-77.082746,B,MRN-004-B,DIGITAL,Pantalla Digital,12,6,Hacia la Av. José de la Riva Agüero rumbo al Callao.,10663423,1280,720,https://pub-4951180469144594abaab94c53f99a18.r2.dev/JMT/MRN-004%20B.webp,,210,210,PEN,day,23,7,06:00:00,00:00:00,available
OLI-014,Lima,Los Olivos,Av. Alfredo Mendiola ( Frente A Mega Plaza),Entrada principal de Centro Comercial Mega Plaza,-11.994915,-77.063546,B,OLI-014-B,DIGITAL,Pantalla Digital,10.4,5.4,Hacia el norte con dirección al Óvalo Naranjal,14272650,1280,720,https://pub-4951180469144594abaab94c53f99a18.r2.dev/JMT/OLI-014%20B.webp,,210,210,PEN,day,23,7,06:00:00,00:00:00,available
PIU-006,Piura,Lima Metropolitana,Av. Sánchez Cerro Cdra. 12,Próximo a la Av. Country,-5.190709,-80.632394,B,PIU-006-B,DIGITAL,Pantalla Digital,12,6,Hacia Av. Loreto con dirección al Estadio Miguel Grau,4507303,1280,720,https://pub-4951180469144594abaab94c53f99a18.r2.dev/JMT/PIU-006%20B.webp,,150,150,PEN,day,23,7,06:00:00,00:00:00,available
PIU-027,Piura,Lima Metropolitana,Av. Cáceres Cruce Con Ramón Mujica,FRENTE A LA OFICINA DEL BCP DESDE EL OPEN PLAZA HACIA AV SULLANA.,-5.182553,-80.63116,A,PIU-027-A,DIGITAL,Pantalla Digital,8.4,4.8,Hacia Av. Sullana Norte con dirección al Camposanto Miguel Arcángel,1729380,1280,720,https://pub-4951180469144594abaab94c53f99a18.r2.dev/JMT/PIU-027%20A.webp,,120,120,PEN,day,23,7,06:00:00,00:00:00,available
PIU-055,Piura,Lima Metropolitana,Av. Cáceres Con Av. Irrazola (Open Plaza),Frente al Open Plaza de Piura.,-5.183056,-80.623584,A,PIU-055-A,DIGITAL,Pantalla Digital,11.52,6.4,Hacia el Hospital Universitario – Alt. De la Universidad de Piura.,3134627,1280,720,https://pub-4951180469144594abaab94c53f99a18.r2.dev/JMT/PIU-055%20A.webp,,150,150,PEN,day,23,7,06:00:00,00:00:00,available
PLB-003,Lima,Pueblo Libre,Av. La Marina Cdra. 1633,A dos cuadra de la Av. Universitaria y el CC. Plaza San Miguel.,-12.0790575,-77.0778173,A,PLB-003-A,DIGITAL,Pantalla Digital,12,6,Hacia la Av. Universitaria - Plaza San Miguel.,6995571,1280,720,https://pub-4951180469144594abaab94c53f99a18.r2.dev/JMT/PLB-003%20A.webp,,180,180,PEN,day,23,7,06:00:00,00:00:00,available
SIN-001,Lima,San Isidro,Av. República De Panamá Con Av. Tomás Marsano,Frente a Chery Lima Autos.,-12.1043112,-77.0187684,A,SIN-001-A,DIGITAL,Pantalla Digital,12,6,Hacia la Av. Andrés Aramburú y Centró bancario de San Isidro.,10238640,1280,720,https://pub-4951180469144594abaab94c53f99a18.r2.dev/JMT/SIN-001%20A.webp,,210,210,PEN,day,23,7,06:00:00,00:00:00,available
SIN-004,Lima,San Isidro,Av. Javier Prado Este ( Junto A La Rambla),Al costado de Mundo Bebe y frente a Petroperú.,-12.0894273,-77.0111829,A,SIN-004-A,DIGITAL,Pantalla Digital,12,6,Hacia Centro Comercial Jockey Plaza con dirección a La Molina.,6904389,1280,720,https://pub-4951180469144594abaab94c53f99a18.r2.dev/JMT/SIN-004%20A.webp,Compartido con otra empresa. Evitar bonificar.,180,180,PEN,day,23,7,06:00:00,00:00:00,available
SIN-004,Lima,San Isidro,Av. Javier Prado Este ( Junto A La Rambla),Al costado de Mundo Bebe y frente a Petroperú.,-12.0894273,-77.0111829,B,SIN-004-B,DIGITAL,Pantalla Digital,12,6,Hacia via expresa con dirección a San Isidro,6995764,1280,720,https://pub-4951180469144594abaab94c53f99a18.r2.dev/JMT/SIN-004%20B.webp,Compartido con otra empresa. Evitar bonificar.,180,180,PEN,day,23,7,06:00:00,00:00:00,available
SIN-008,Lima,San Isidro,Av. Javier Prado Cdra. 15 Alt. / con Jorge Valdeavellano,"Entre las Avenidas Guardia Civil y Puente Quiñones, frente a Mcdonalds San Isidro, sobre la entrada a la Vía Expresa Javier Prado",-12.0887778,-77.0105833,A,SIN-008-A,DIGITAL,Pantalla Digital,12.48,6.72,"Con dirección de La Molina hacia San Isidro. Vía expresa, Cruz del Sur, clúster automotriz de La Victoria, centro empresarial San Isidro y el strip center Plaza Santa Catalina",9798424,1280,720,https://pub-4951180469144594abaab94c53f99a18.r2.dev/JMT/SIN-008%20A.webp,,180,180,PEN,day,23,7,06:00:00,00:00:00,available
SJL-009,Lima,San Juan De Lurigancho,Av. 9 De Octubre Cdra. 824,Próximo al Mercado El Bosque.,-12.0341265,-77.0126206,A,SJL-009-A,DIGITAL,Pantalla Digital,8.8,4.5,Hacia Óvalo de Zárate con dirección a Estación del Tren Caja de Agua.,14640296,1280,655,https://pub-4951180469144594abaab94c53f99a18.r2.dev/JMT/SJL-009%20A.webp,,210,210,PEN,day,23,7,06:00:00,00:00:00,available
SJL-021,Lima,San Juan De Lurigancho,Av. Próceres de la Independencia Cdra. 16,Frente a Estación Los Jardines e Hipermercado Metro San Juan de Lurigancho.,-12.0070191,-77.0051899,A,SJL-021-A,DIGITAL,Pantalla Digital,10.24,4.8,"Hacia Tottus San Hilarión Este, Estación Los Postes y Universidad Tecnológica del Perú.",10801449,1280,720,https://pub-4951180469144594abaab94c53f99a18.r2.dev/JMT/SJL-021%20A.webp,,210,210,PEN,day,23,7,06:00:00,00:00:00,available
SJM-002,Lima,San Juan De Miraflores,Av. Los Héroes Cdra. 2,Cerca a Metro / Saga Falabella y Plaza Vea.,-12.1512365,-76.9783252,A,SJM-002-A,DIGITAL,Pantalla Digital,12.29,6.14,Con dirección a Surco por la Panamericana Sur.,14240053,1280,720,https://pub-4951180469144594abaab94c53f99a18.r2.dev/JMT/SJM-002%20A.webp,,210,210,PEN,day,23,7,06:00:00,00:00:00,available
SJM-004,Lima,San Juan De Miraflores,Av. Los Héroes (Puente Atocongo),Puente Atocongo.,-12.1498736,-76.9827841,A,SJM-004-A,DIGITAL,Pantalla Digital,10.24,4.8,Con dirección a la Av. San Juan (Ciudad de Dios).,14146414,1280,720,https://pub-4951180469144594abaab94c53f99a18.r2.dev/JMT/SJM-004%20A.webp,,210,210,PEN,day,23,7,06:00:00,00:00:00,available
SJM-010,Lima,San Juan De Miraflores,Panamericana Sur,Puente Alipio Próximo a Metro.,-12.170112,-76.979918,A,SJM-010-A,DIGITAL,Pantalla Digital,12,6,Hacia el sur Villa el Salvador y ruta hacia las playas del sur.,8257367,1280,720,https://pub-4951180469144594abaab94c53f99a18.r2.dev/JMT/SJM-010%20A.webp,,180,180,PEN,day,23,7,06:00:00,00:00:00,available
SJM-020,Lima,San Juan De Miraflores,Panamericana Sur alt. cruce con Av. Los Lirios,Frente a Mall del Sur y Terminal Terrestre Atocongo,-12.153724,-76.9836047,A,SJM-020-A,DIGITAL,Pantalla Digital,10.24,4.8,"Hacia el Puente Atocongo, Puente Benavides y Jockey Plaza",16659249,1280,720,https://pub-4951180469144594abaab94c53f99a18.r2.dev/JMT/SJM-020%20A.webp,,210,210,PEN,day,23,7,06:00:00,00:00:00,available
SJM-020,Lima,San Juan De Miraflores,Panamericana Sur alt. cruce con Av. Los Lirios,Frente a Mall del Sur y Terminal Terrestre Atocongo,-12.153724,-76.9836047,B,SJM-020-B,DIGITAL,Pantalla Digital,10.24,4.8,Hacia el Puente Alipio y playas del Sur,8270773,1280,720,https://pub-4951180469144594abaab94c53f99a18.r2.dev/JMT/SJM-020%20B.webp,,180,180,PEN,day,23,7,06:00:00,00:00:00,available
SMP-010,Lima,San Martin De Porres,Panamericana Norte Con Av. Tomás Valle,A 500 metros antes de llegar al Centro Comercial Plaza Norte.,-12.011624,-77.060475,A,SMP-010-A,DIGITAL,Pantalla Digital,12,6,De sur a norte hacia Av. Carlos Izaguirre con dirección al C.C. Mega Plaza Comas,9868967,1280,720,https://pub-4951180469144594abaab94c53f99a18.r2.dev/JMT/SMP-010%20A.webp,,180,180,PEN,day,23,7,06:00:00,00:00:00,available
SMP-010,Lima,San Martin De Porres,Panamericana  Norte Cruce Con Tomas Valle,A 500 metros pasando el Centro Comercial Plaza Norte.,-12.011624,-77.060475,B,SMP-010-B,DIGITAL,Pantalla Digital,12,6,De norte a sur con dirección a Av. Eduardo de Habich.,12724204,1280,720,https://pub-4951180469144594abaab94c53f99a18.r2.dev/JMT/SMP-010%20B.webp,,210,210,PEN,day,23,7,06:00:00,00:00:00,available
SNM-009,Lima,San Miguel,Av.  Universitaria Cuadra 11 Cruce Con La Mar,"Frente a D´Paso Strip Center, Bembos, Bodytech, restaurantes y a 1 cuadra de Centro Comercial Plaza San Miguel",-12.0747977,-77.0796494,A,SNM-009-A,DIGITAL,Pantalla Digital,7.68,3.84,"Hacia C.C. Plaza San Miguel, Av. La Marina y con dirección al Circuito de Playas",4918603,1280,720,https://pub-4951180469144594abaab94c53f99a18.r2.dev/JMT/SNM-009%20A.webp,,150,150,PEN,day,23,7,06:00:00,00:00:00,available
SNM-013,Lima,San Miguel,Av. Elmer Faucett Cdra. 524,Frente a Inkafarma a 2 cuadras de Metro.,-12.0663946,-77.0974923,A,SNM-013-A,DIGITAL,Pantalla Digital,6.4,2.88,Hacia Av. La Marina con dirección al Parque de las Naciones.,4316391,1280,655,https://pub-4951180469144594abaab94c53f99a18.r2.dev/JMT/SNM-013%20A.webp,,150,150,PEN,day,23,7,06:00:00,00:00:00,available
SRQ-003,Lima,Surquillo,Av. Tomás Marsano Con Av. Angamos,Próximo a grifo Primax a una cuadra del Centro Comercial Open Plaza Angamos.,-12.1129346,-77.0121283,B,SRQ-003-B,DIGITAL,Pantalla Digital,12,6,Con dirección al Óvalo Higuereta.,10082113,1280,720,https://pub-4951180469144594abaab94c53f99a18.r2.dev/JMT/SRQ-003%20B.webp,,210,210,PEN,day,23,7,06:00:00,00:00:00,available
SUR-010,Lima,Surco,Av. El Derby Con Av. Manuel Olguin,"A unas cdras de Cc. El Polo, próximo a embajada de EE.UU",-12.0982567,-76.9740806,A,SUR-010-A,DIGITAL,Pantalla Digital,12,6,Hacia Av. Encalada con dirección a La Molina.,11731264,1280,720,https://pub-4951180469144594abaab94c53f99a18.r2.dev/JMT/SUR-010%20A.webp,,210,210,PEN,day,23,7,06:00:00,00:00:00,available
SUR-026,Lima,Surco,Av. Primavera Nº 1357 Cruce Con Av. El Polo,A una cuadra a la Av. Encalada.,-12.109821,-76.97451,B,SUR-026-B,DIGITAL,Pantalla Digital,12,6,Hacia Av. Encalada con dirección a la UPC de Monterrico.,12345420,1280,720,https://pub-4951180469144594abaab94c53f99a18.r2.dev/JMT/SUR-026%20B.webp,,210,210,PEN,day,23,7,06:00:00,00:00:00,available
SUR-027,Lima,Surco,Av. El Derby Con Av. El Polo,"A una cdra de Cc. El Polo, embajada de Usa.",-12.098576,-76.970812,B,SUR-027-B,DIGITAL,Pantalla Digital,12,6,Hacia Av. Primavera con dirección al C.C. El Polo.,12366386,1280,617,https://pub-4951180469144594abaab94c53f99a18.r2.dev/JMT/SUR-027%20B.webp,No se puede ofrecer a competencia (Grifos),210,210,PEN,day,23,7,06:00:00,00:00:00,available
SUR-028,Lima,Surco,Av Benavides Cdra N°55,"Puente Benavides, a una cuadra de Univ. Ricardo Palma.",-12.1314251,-76.9779152,A,SUR-028-A,DIGITAL,Pantalla Digital,12,6,Entrada a las Casuarinas Av. Salvador Allende San Juan de Miraflores y Villa Maria del Triunfo.,14561319,1280,720,https://pub-4951180469144594abaab94c53f99a18.r2.dev/JMT/SUR-028%20A.webp,,210,210,PEN,day,23,7,06:00:00,00:00:00,available
SUR-036,Lima,Surco,Av. Javier Prado Frente al Jockey Plaza,"Zona altamente comercial, vehicular y peatonal Frente al Jockey Plaza",-12.08425,-76.9780833,A,SUR-036-A,DIGITAL,Pantalla Digital,12,6,Hacia San Isidro,9731794,1280,720,https://pub-4951180469144594abaab94c53f99a18.r2.dev/JMT/SUR-036%20A.webp,,180,180,PEN,day,23,7,06:00:00,00:00:00,available
SUR-036,Lima,Surco,Av. Javier Prado Frente al Jockey Plaza,"Zona altamente comercial, vehicular y peatonalFrente al Jockey Plaza",-12.08425,-76.9780833,B,SUR-036-B,DIGITAL,Pantalla Digital,12,6,Hacia la Molina,10249346,1280,720,https://pub-4951180469144594abaab94c53f99a18.r2.dev/JMT/SUR-036%20B.webp,,210,210,PEN,day,23,7,06:00:00,00:00:00,available
SUR-037,Lima,Surco,Av. El Polo cruce con Av. Raul Ferrero,"Colegio Weberbauer, frente a Pardos Chicken, Grifo Primax, próximo al ULIMA y Los Inkas Golf Club",-12.0939722,-76.9674444,A,SUR-037-A,DIGITAL,Pantalla Digital,12,6,"Hacia la Av. El Derby, Centro Comercial el Polo y Embajada de los Estados Unidos",8850141,1280,720,https://pub-4951180469144594abaab94c53f99a18.r2.dev/JMT/SUR-037%20A.webp,Restricciones por Instituto educativo Ley Nº 28681,180,180,PEN,day,23,7,06:00:00,00:00:00,inactive
SUR-042,Lima,Surco,Av. Javier Prado Este cruce con Av. Circunvalación,"Puente Trébol, cerca a Jockey Plaza.",-12.084722,-76.983667,B,SUR-042-B,DIGITAL,Pantalla Digital,12,6,"Hacia Jockey Plaza, Universidad de Lima y La Molina.",8587770,1280,720,https://pub-4951180469144594abaab94c53f99a18.r2.dev/JMT/SUR-042%20B.webp,,180,180,PEN,day,23,7,06:00:00,00:00:00,available
TRU-046,Trujillo,Lima Metropolitana,Av. America Oeste,Frente al Mall Plaza,-8.10155,-79.044296,U,TRU-046-U,DIGITAL,Pantalla Digital,12,6,Frente a Saga Falabella,2620431,1280,720,https://pub-4951180469144594abaab94c53f99a18.r2.dev/JMT/TRU-046%20U.webp,,120,120,PEN,day,23,7,06:00:00,00:00:00,available
TRU-054,Trujillo,Lima Metropolitana,Óvalo Larco,"Tienda Glorisa y Óvalo Larco, Universidad Cesar Vallejo y tiendas por departamento.",-8.1248064,-79.0387401,U,TRU-054-U,DIGITAL,Pantalla Digital,10.24,4.8,Hacia el Real Plaza,1689986,1280,720,https://pub-4951180469144594abaab94c53f99a18.r2.dev/JMT/TRU-054%20U.webp,NO vender a empresas competencia de CELIMA y TREBOL ,120,120,PEN,day,23,7,06:00:00,00:00:00,inactive
TRU-056,Trujillo,Lima Metropolitana,Av. César Vallejo cruce con Fátima,Frente al Real Plaza Trujillo y cerca a la Universidad Privada Antenor Orrego (UPAO).,-8.131972,-79.033722,A,TRU-056-A,DIGITAL,Pantalla Digital,10.24,4.8,Hacia el Av. El Golf y Panamericana Nte.,954309,1280,720,https://pub-4951180469144594abaab94c53f99a18.r2.dev/JMT/TRU-056%20A.webp,"No vender a proveedores de servicio público de telecomunicaciones como Telefónica, Entel, Bitel, etc",120,120,PEN,day,23,7,06:00:00,00:00:00,inactive
VMT-017,Lima,Villa Maria Del Triunfo,Av. Pachacútec Con Av. 26 De Noviembre Frente Al C.C. Real Plaza,Frente al C.C Real Plaza Oeschle Promart Cineplanet Interbank,-12.1801295,-76.9434236,A,VMT-017-A,DIGITAL,Pantalla Digital,8.8,4.5,Hacia San Juan de Miraflores Surco,7093534,1280,655,https://pub-4951180469144594abaab94c53f99a18.r2.dev/JMT/VMT-017%20A.webp,,180,180,PEN,day,23,7,06:00:00,00:00:00,available
MIR-003,Lima,Miraflores,Av. Alfredo Benavides Cdra. 30 - Óvalo Higuereta,"Ovalo Higuereta, frente a Plaza Vea y Estación Cabitos.",-12.128953,-77.001934,A,MIR-003-A,DIGITAL,Pantalla Digital,11.52,5.76,"Hacia Wong Panamá, Paseo de la República, Instituto ISIL Parque Kennedy.",7319614,1280,720,https://pub-4951180469144594abaab94c53f99a18.r2.dev/JMT/MIR-003%20A.webp,,180,180,PEN,day,23,7,06:00:00,00:00:00,available
HUA-018,Huancayo,Lima Metropolitana,Av. Ferrocarril Cdra. 2,Frente a Open Plaza Huancayo y Terminal Terrestre Los Andes.,-12.062049,-75.208404,U,HUA-018-U,DIGITAL,Pantalla Digital,10.24,4.8,"En dirección a C.C. Real Plaza Huancayo, Estadio Huancayo y Av. Coronel Leoncio Prado.",6230319,1280,720,https://pub-4951180469144594abaab94c53f99a18.r2.dev/JMT/HUA-018%20U.webp,,180,180,PEN,day,23,7,06:00:00,00:00:00,available
SIN-011,Lima,San Isidro,Av. Javier Prado cruce con Av. Nicolás Arriola,Cerca a Cruz del Sur y grifo Repsol; y frente a Oftalmo Salud,-12.089889,-77.017417,A,SIN-011-A,DIGITAL,Pantalla Digital,11.52,5.76,"Hacia San Isidro, La Positiva, Clínica Javier Prado, La Curacao y Av. Arequipa,",10093667,1280,720,https://pub-4951180469144594abaab94c53f99a18.r2.dev/JMT/SIN-011%20A.webp,,210,210,PEN,day,23,7,06:00:00,00:00:00,available
MIR-016,Lima,Miraflores,Av. Angamos Cdra. 4 cruce con Av. Paseo de la República,"Al costado de Repsol, Rodizio y Estación Metropolitano Angamos.",-12.1136944,-77.0265833,A,MIR-016-A,DIGITAL,Pantalla Digital,11.52,5.76,"Hacia la Av. Arequipa, ICPNA Miraflores y Circuito de Playas.",14853990,1280,720,https://pub-4951180469144594abaab94c53f99a18.r2.dev/JMT/MIR-016%20A.webp,"Por instalar, sin punto de luz, sera Pantalla LED",210,210,PEN,day,23,7,06:00:00,00:00:00,maintenance
CAL-031,Callao,Callao,Av. Morales Duarez cruce con Calle Madre de Dios,Frente a nuevo ingreso del Aeropuerto Jorge Chavez.,-12.041799,-77.106416,B,CAL-031-B,DIGITAL,Pantalla Digital,11.6,5.4,Hacia Av. Elmer Faucett y Cercado de Lima.,1757229,1280,720,https://pub-4951180469144594abaab94c53f99a18.r2.dev/JMT/CAL-031%20B.webp,,120,120,PEN,day,23,7,06:00:00,00:00:00,available
MIR-006,Lima,Miraflores,Av. Santa Cruz N° 779 - Óvalo Gutierrez,Ovalo Gutiérrez.,-12.1104478,-77.0366096,U,MIR-006-U,DIGITAL,Pantalla Digital,11.52,5.76,"Costado de Wong del Ovalo Gutiérrez, hacia Smart Fit Santa Cruz, tránsito también hacia Tottus de Comandante Espinar y Av. José Pardo.",0,1280,720,https://pub-4951180469144594abaab94c53f99a18.r2.dev/JMT/MIR-006%20U.webp,,120,120,PEN,day,23,7,06:00:00,00:00:00,available
